,0
TCGAGTCGCTTATCA,CD1D
TGATAGAAACAGACC,TNFRSF14
GCAGAAATCTCCCTT,CD34
ACAATTTGAACAGCG,NCR1
ACCAATCCTTTCGTC,CCR3
AGACTAATAGCTGAC,KIT
ACCTTTCGACACTCG,TNFRSF18
CGAAGTCGATCCGTA,TNFRSF13C
TTTAGTGATCCGACT,TNFSF4
CATTTGTCTGCCGGT,LAG3
GGACTAAGTTTCGTT,NRP1
TCAGGTCCTTTCAAC,CXCR4
TCAGAACGTCTAACT,MRC1
ACCCTTTACCGAATA,OLR1
CAATGGTTCACTGCC,PDGFRB
CAGATGATCCACCAT,TNFRSF17
AGTGATGGAGCGAAC,TNFRSF13B
CGTGTTTGTTCCTCA,KLRK1
CAGTCCTCTCTGTCA,CRLF2
CAGAGCACCCATTAA,TNFSF13B
GCTAGATAGATGCAA,CD40LG
TCAACGCTTGGCTAG,PDCD1LG2
GTTGTCCGACAATAC,CD274
CAGCCCGATTAAGGT,B2M
ACCCGTCCCTAAGAA,CD99
GAGTCGAGAAATCAT,HLA-E
CGATTTGATCTGCCT,FCRL4
CAGTAAGTTCGGGAC,TNFRSF9
TCCTTTCCTGATAGG,NCAM1
CATTAGAGTCTGCCA,CLEC12A
TTCTTTGCCTTGCCA,CD36
GTATCCTTCCTTGGC,CD81
CTCAGATGGAGTATG,CD40
ATTCGCCTTACGCAA,TNFSF9
AGCTGTAAGTTTCGG,CEACAM8
CTTAGCATTTCACTG,SIGLEC7
ATCCTTCTCCCTTTC,CDH1
CTTCACTCTGTCAGG,IL3RA
TACTCAGCGTGTTTG,SIGLEC1
TTCACGCAGTAAGAT,KDR
TCACTGGACACTTAA,CD209
CCATTCAACTTCCGG,ITGA4
TTACCTGGTATCCGT,ENTPD1
CAGTTCCTCAGTTCG,NT5E
CTCGTTTCCGTATCG,FCER2
CCTTCCGTATCCCTT,SELP
TCCCACTTCCGCTTT,CD82
GGTGGCTAGATAATG,DPP4
TTTGTCCTGTACGCC,IL2RA
AACCCACCGTTGTTA,TNFRSF4
CTACGACGTAGAAGA,CD48
TGTTTACGAGAGCCC,PTGDR2
ATGGTTCACGTAATC,CTLA4
AACCTAGTAGTTCGG,CR2
TCCACTCATTCTGTA,CDH5
TCAGGGTGTGCTGTA,TNFRSF8
TCGCTTGGATGGTAG,CD244
CGCGCACCCATTAAA,ICOS
TGGATTCCCGGACTT,CD7
CCGTGTTCCTCATTA,TFRC
GTATAGACCAAAGCC,SDC1
CCAGCTCATTAGAGC,FAS
CTTTCCGGTCCTACA,KLRD1
ACTTCCGTCGATCTT,CR1
TCTGTATAACCGTCT,FCER2
ACAGCGCCGTATTTA,PDCD1
TGTCCTACCCAACTT,HAVCR2
TCCTTGGATGTACCG,ITGB7
GTCTCTTGGCTTAAA,CD69
GCTTCCGAATTACCG,FCGR2A
GCGATGGTAGATTAT,CXCR3
GATCCCTTTGTCACT,CCR6
AGTTCAGTCAACCGA,CCR7
CCGTCCTGATAGATG,IL4R
GCTTCTCCTTCCTTA,CD163
CCTTGTGAGGCTATG,LILRB1
TTCCGAGGATGATCT,ITGA6
CAGCCCACTGCAATA,LAMP1
CTGATAGACTTGAGT,ICAM1
TCAATCCTTCCGCTT,PTPRC
GATCGTGTTGTGTTA,CD1A
CTTTGTACGAGCAAA,CD52
CTGGGCAATTACTCG,CD19
ACGTTGTGGCCTTGT,ITGA2B
TGTACCCGCTTGTGA,CD38
GTACGCAGTCCTTCT,KLRB1
TATCAACCAACGCTT,CD40LG
TGGCTTCAGGTCCTA,CD44
AATTCAACCGTCGCC,CXCR5
CCAAAGTAAGAGCCA,CCR5
AGTATCGTCTCTGGG,CX3CR1
GAGCTACTTCACTCG,CD1C
AGCCCGGATGTATTT,CCR8
AGCTTACCTGCACGA,CCR4
GATGCAATTAGCCGG,LGALS3
TCTCAGACCTCCGTA,CD14
GGATAACCGCGCTTT,THBD
TCCGTGTTAGTTTGT,TNFSF11
GTTATTGGACTAAGG,BTLA
AGATTCCTTCGTGTT,CD24
ATTTCCATTCCCTGT,LAIR1
CCGGTCCTCTGTATT,FASLG
GCACTCCTGCATGTA,CD27
GCTTTCTTCAGTATG,ITGA2
CCTTGGATAACATCA,MCAM
AAAGTCACTCTGCCG,NCR3
GGGCAATTAGCGAGT,NCR2
TAACTCAGGGCCTAT,CD33
TGTTCCCGCTCAACT,CD4
AAGACGCATGTCAAC,XCR1
CTTATTTCCTGCCCT,KLRG1
TACGCCTATAACTTG,ITGAX
GCGCAACTTGATGAT,CD8A
ATCACATCGTTGCCA,PVR
TCACAGTTCCTTGGA,VCAM1
TACGATTTGTCAGGG,CD2
GTATTCCCTCAGTCA,ITGB1
TATATCCTTGTGAGC,ITGAL
GTTCCTATGGACGAC,CD58
CTCCGAATCATGTTG,PTPRC
CATTAACGGGATGCC,CD5
ACCTTTATGCCACGG,PECAM1
ACTCACTGGAGTCTC,LGALS9
TCCCTTGCGATTTAC,PTPRC
ATCGTCGAGAGCTAG,ENG
GTTTCCTTGACCAAG,PROCR
ATGCGCCGAGAATTA,PDGFRA
CGTTGCCATTAACCA,CDH11
GCTTAACATTGGCAC,EGFR
CTGTAGCCGCCTATT,ERBB2
GACAAGTGATCTGCA,ITGAM
GTTAGTGTTAGCTTG,ICOSLG
AATCTGTAGTGCGTT,NOTCH1
CTATTGGACGTATCT,NOTCH3
GAGTTCCCTTACCTG,CCR2
TGACCTTCCTCTCCT,ICAM2
CTCCCTGTGGCTTAA,SELE
CAGTAGATGGAGCAT,FLT3
AATTAGCCGTCGAGA,CD59
AGGTTGGAGTAGACT,ITGB3
AGTATGGAGCCATAT,CD177
GCTCATTACCCATTA,CD55
AATCACGGTCCTTGT,CSF1R
ACCTAGAAATCAGCA,CLEC10A
GAGATGTCTGCAACT,CD63
GCTTAGCTGTATCCG,TLR4
TGTCAGTTCCTATGA,LILRA4
TCCTGCATGTACCCA,MERTK
CGTCATATAGTATGG,TIMD4
GATGGACGACAATTC,L1CAM
CCTTCCCTTTCCTCT,CDH2
GCGCTACTTCCTTGA,CD93
ACAATTTGTCTGCGA,C5AR2
ACTGATGGACTCAGA,ITGA1
GAGTCACCAATCTGC,CD9
ACTGATAGACCCGCT,TPSAB1
TAGCCGTTTCCTTTG,TREM1
CGATCCCTTACCTAT,TEK
TGTTGTAAGATGCCA,MPL
GCCATTCCTGCCTAA,TNFSF10
GACAGTCGATGCAAC,CXCR6
AGACCAACTCATTCA,CD226
ATCTGTATGTCACAG,CCR10
AACCGCGCTTCAGAT,NGFR
TGATGGGAGCTTATC,IL6R
CACTGCCGTCGATTA,F3
ATTCCTCATTCCTGA,CCR9
AGATGGGACTCACCA,PTPRC
ACAGTACGACCTTCT,CD46
CTTACCTAGTCATTC,CD151
TGATCCGAAGTCGTG,FLT4
ATATGTCAGAGCACC,SELPLG
GCCTAGTTTCCGTTT,ADGRG1
TTAGCCCGTAGACCA,KIR2DL4
CCCGCAGTATAACGA,MICA
TATAGTTCCTCTGTG,KLRF1
CCTCTATTCAGAGCA,LTBR
CCCACTGGAGCAATT,ANXA1
CTGTAGCATTTCCCT,CD74
AAGAGCCGTTGTGAA,BST2
ATGGACAGTTCGTGT,CSF2RA
CCTATGAACGTAACG,TNF
CATATTCCGCCGTAA,IL15RA
GACAGTACCGACACT,F11R
